<?xml version="1.0" encoding="utf-8" ?>

<Patch>
	<Operation Class="PatchOperationFindMod">
		<mods>
			<li>Vanilla Animals Expanded — Boreal Forest</li>
		</mods>

		<match Class="PatchOperationSequence">
			<operations>

			<li Class="PatchOperationConditional"> 
			<xpath>/Defs/ThingDef[defName="AEXP_Otter"]/comps</xpath>
			<nomatch Class="PatchOperationAdd"> 
	            <xpath>/Defs/ThingDef[defName="AEXP_Otter"]</xpath>
	                <value>
	                	<comps>
	            	    <li Class="AnimalBehaviours.CompProperties_DigWhenHungry">
		  	                <customThingToDig>AEXP_RawFish</customThingToDig>
			                <customAmountToDig>5</customAmountToDig>
							<spawnForbidden>true</spawnForbidden>
	      	            </li>
					    </comps>
		            </value>
			</nomatch>
			<match Class="PatchOperationAdd"> 
	            <xpath>/Defs/ThingDef[defName="AEXP_Otter"]/comps</xpath>
	                <value>
	            	    <li Class="AnimalBehaviours.CompProperties_DigWhenHungry">
		  	                <customThingToDig>AEXP_RawFish</customThingToDig>
			                <customAmountToDig>5</customAmountToDig>
							<spawnForbidden>true</spawnForbidden>
	      	            </li>
		            </value>
			</match>
			</li>
			
			<li Class="PatchOperationConditional"> 
			<xpath>/Defs/ThingDef[defName="AEXP_BlackBear"]/comps</xpath>
			<nomatch Class="PatchOperationAdd"> 
	            <xpath>/Defs/ThingDef[defName="AEXP_BlackBear"]</xpath>
	                <value>
	                	<comps>
	            	    <li Class="AnimalBehaviours.CompProperties_DigWhenHungry">
		  	                <customThingToDig>RawBerries</customThingToDig>
			                <customAmountToDig>10</customAmountToDig>
							<spawnForbidden>true</spawnForbidden>
	      	            </li>
					    </comps>
		            </value>
			</nomatch>
			<match Class="PatchOperationAdd"> 
	            <xpath>/Defs/ThingDef[defName="AEXP_BlackBear"]/comps</xpath>
	                <value>
	            	    <li Class="AnimalBehaviours.CompProperties_DigWhenHungry">
		  	                <customThingToDig>RawBerries</customThingToDig>
			                <customAmountToDig>10</customAmountToDig>
							<spawnForbidden>true</spawnForbidden>
	      	            </li>
		            </value>
			</match>
			</li>
			
			</operations>
		</match>
	</Operation>
</Patch>