<?xml version="1.0" encoding="utf-8" ?>
<Patch>
	<Operation Class="PatchOperationSequence">
		<operations>
			
            <li Class="PatchOperationAdd"> 
		        <xpath>/Defs/ThingDef[defName="Chicken"]/comps</xpath>
	            	<value>
	            		<li Class="AnimalBehaviours.CompProperties_DigWhenHungry">
		             		<customThingToDig>Meat_Megaspider</customThingToDig>
		             		<customAmountToDig>2</customAmountToDig>
	             		</li>	
	               	</value>
			</li>
			
			<li Class="PatchOperationReplace">
	           	<xpath>/Defs/ThingDef[defName="Chicken"]/race/foodType</xpath>
                    <value>
	            		<foodType>OmnivoreRoughAnimal</foodType>		
		            </value>
			</li>
			
			<li Class="PatchOperationAdd"> 
		        <xpath>/Defs/ThingDef[defName="Duck"]/comps</xpath>
	            	<value>
	            		<li Class="AnimalBehaviours.CompProperties_DigWhenHungry">
		             		<customThingToDig>AEXP_RawFish</customThingToDig>
		             		<customAmountToDig>3</customAmountToDig>
	             		</li>	
	               	</value>
			</li>
			
			<li Class="PatchOperationReplace">
	           	<xpath>/Defs/ThingDef[defName="Duck"]/race/foodType</xpath>
                    <value>
	            		<foodType>OmnivoreRoughAnimal</foodType>		
		            </value>
			</li>
			
			<li Class="PatchOperationConditional">
            <xpath>/Defs/ThingDef[defName="Bear_Grizzly"]/comps</xpath>
			<nomatch Class="PatchOperationAdd">
		        <xpath>/Defs/ThingDef[defName="Bear_Grizzly"]</xpath>
	            	<value>
					<comps>
	            		<li Class="AnimalBehaviours.CompProperties_DigWhenHungry">
		             		<customThingToDig>RawBerries</customThingToDig>
		             		<customAmountToDig>10</customAmountToDig>
							<spawnForbidden>true</spawnForbidden>
	             		</li>
					</comps>	
	               	</value>
			</nomatch>
			<match Class="PatchOperationAdd">
			    <xpath>/Defs/ThingDef[defName="Bear_Grizzly"]/comps</xpath>
	            	<value>
	            		<li Class="AnimalBehaviours.CompProperties_DigWhenHungry">
		             		<customThingToDig>RawBerries</customThingToDig>
		             		<customAmountToDig>10</customAmountToDig>
							<spawnForbidden>true</spawnForbidden>
	             		</li>	
	               	</value>
			</match>
			</li>
			
			<li Class="PatchOperationConditional"> 
			<xpath>/Defs/ThingDef[defName="Fox_Arctic"]/comps</xpath>
			<nomatch Class="PatchOperationAdd">
		        <xpath>/Defs/ThingDef[defName="Fox_Arctic"]</xpath>
	            	<value>
					<comps>
	            		<li Class="AnimalBehaviours.CompProperties_DigWhenHungry">
		             		<customThingToDig>Meat_Hare</customThingToDig>
		             		<customAmountToDig>5</customAmountToDig>
							<spawnForbidden>true</spawnForbidden>
	             		</li>
					</comps>	
	               	</value>
			</nomatch>
			<match Class="PatchOperationAdd">
			<xpath>/Defs/ThingDef[defName="Fox_Arctic"]/comps</xpath>
	            	<value>
	            		<li Class="AnimalBehaviours.CompProperties_DigWhenHungry">
		             		<customThingToDig>Meat_Hare</customThingToDig>
		             		<customAmountToDig>5</customAmountToDig>
							<spawnForbidden>true</spawnForbidden>
	             		</li>
	               	</value>
			</match>
			</li>
			
			<li Class="PatchOperationAdd"> 
		        <xpath>/Defs/ThingDef[defName="Cobra"]/comps</xpath>
	            	<value>
	            		<li Class="AnimalBehaviours.CompProperties_DigWhenHungry">
		             		<customThingToDig>Meat_Rat</customThingToDig>
		             		<customAmountToDig>5</customAmountToDig>
							<spawnForbidden>true</spawnForbidden>
	             		</li>	
	               	</value>
			</li>
			
			<li Class="PatchOperationConditional"> 
			<xpath>/Defs/ThingDef[defName="Pig"]/comps</xpath>
			<nomatch Class="PatchOperationAdd"> 
		        <xpath>/Defs/ThingDef[defName="Pig"]</xpath>
	            	<value>
					<comps>
	            		<li Class="AnimalBehaviours.CompProperties_DigPeriodically">
		             		<customThingToDig><li>RawFungus</li></customThingToDig>
		             		<customAmountToDig><li>10</li></customAmountToDig>
							<ticksToDig>60000</ticksToDig>
							<onlyWhenTamed>true</onlyWhenTamed>
	             		</li>
					</comps>						
	               	</value>
			</nomatch>
			<match Class="PatchOperationAdd"> 
		        <xpath>/Defs/ThingDef[defName="Pig"]/comps</xpath>
	            	<value>
	            		<li Class="AnimalBehaviours.CompProperties_DigPeriodically">
		             		<customThingToDig><li>RawFungus</li></customThingToDig>
		             		<customAmountToDig><li>10</li></customAmountToDig>
							<ticksToDig>60000</ticksToDig>
							<onlyWhenTamed>true</onlyWhenTamed>
	             		</li>						
	               	</value>
			</match>
			</li>
			
			<li Class="PatchOperationConditional"> 
			<xpath>/Defs/ThingDef[defName="WildBoar"]/comps</xpath>
			<nomatch Class="PatchOperationAdd"> 
		        <xpath>/Defs/ThingDef[defName="WildBoar"]</xpath>
	            	<value>
					<comps>
	            		<li Class="AnimalBehaviours.CompProperties_DigPeriodically">
		             		<customThingToDig><li>RawFungus</li></customThingToDig>
		             		<customAmountToDig><li>5</li></customAmountToDig>
							<ticksToDig>60000</ticksToDig>
							<onlyWhenTamed>true</onlyWhenTamed>
	             		</li>
					</comps>
	               	</value>
			</nomatch>
			<match Class="PatchOperationAdd"> 
		        <xpath>/Defs/ThingDef[defName="WildBoar"]/comps</xpath>
	            	<value>
	            		<li Class="AnimalBehaviours.CompProperties_DigPeriodically">
		             		<customThingToDig><li>RawFungus</li></customThingToDig>
		             		<customAmountToDig><li>5</li></customAmountToDig>
							<ticksToDig>60000</ticksToDig>
							<onlyWhenTamed>true</onlyWhenTamed>
	             		</li>
	               	</value>
			</match>
			</li>
			
		</operations>
	</Operation>
</Patch>